"City","State","Total","Units_1","Units_2","Units_3.4","Units_5.Inf","Month"
"Abilene","TX",2776,2776,0,0,0,1
"Akron","OH",2835,2588,0,0,247,1
"Albany","GA",1336,1033,150,153,0,1
"Albany-Schenectady-Troy","NY",6293,6293,0,0,0,1
"Albuquerque","NM",19416,17154,0,422,1840,1
"Alexandria","LA",1907,1907,0,0,0,1
"Allentown-Bethlehem-Easton","PA-NJ",13216,10910,0,0,2306,1
"Altoona","PA",61,61,0,0,0,1
"Amarillo","TX",8773,8773,0,0,0,1
"Ames","IA",441,441,0,0,0,1
"Anchorage","AK",1771,1771,0,0,0,1
"Anderson","IN",196,196,0,0,0,1
"Anderson","SC",1213,1213,0,0,0,1
"Ann Arbor","MI",1949,1949,0,0,0,1
"Anniston-Oxford","AL",701,621,80,0,0,1
"Appleton","WI",2569,2384,185,0,0,1
"Asheville","NC",16788,16488,0,0,300,1
"Athens-Clarke County","GA",2451,2451,0,0,0,1
"Atlanta-Sandy Springs-Marietta","GA",56517,55405,0,0,1112,1
"Atlantic City-Hammonton","NJ",4861,4258,0,603,0,1
"Auburn-Opelika","AL",9049,9049,0,0,0,1
"Augusta-Richmond County","GA-SC",14834,14834,0,0,0,1
"Austin-Round Rock","TX",94229,79394,1025,0,13810,1
"Bakersfield","CA",8793,8015,159,314,305,1
"Baltimore-Towson","MD",34973,25685,175,450,8663,1
"Bangor","ME",772,772,0,0,0,1
"Barnstable Town","MA",7603,7603,0,0,0,1
"Baton Rouge","LA",14681,14600,81,0,0,1
"Battle Creek","MI",0,0,0,0,0,1
"Bay City","MI",110,110,0,0,0,1
"Beaumont-Port Arthur","TX",3895,3895,0,0,0,1
"Bellingham","WA",4195,4040,0,155,0,1
"Bend","OR",6238,6238,0,0,0,1
"Billings","MT",946,946,0,0,0,1
"Binghamton","NY",455,455,0,0,0,1
"Birmingham-Hoover","AL",16308,15308,0,0,1000,1
"Bismarck","ND",196,196,0,0,0,1
"Bloomington","IN",1611,1611,0,0,0,1
"Bloomington-Normal","IL",1412,1236,0,0,176,1
"Boise City-Nampa","ID",15549,12061,0,3488,0,1
"Boston-Cambridge-Quincy","MA-NH",48481,39355,1635,1807,5684,1
"Boulder","CO",6472,2907,0,348,3217,1
"Bowling Green","KY",1848,1848,0,0,0,1
"Bradenton-Sarasota-Venice","FL",17268,16238,0,0,1030,1
"Bremerton-Silverdale","WA",3508,3508,0,0,0,1
"Bridgeport-Stamford-Norwalk","CT",9167,9167,0,0,0,1
"Brownsville-Harlingen","TX",7366,3600,1401,2365,0,1
"Brunswick","GA",4767,4767,0,0,0,1
"Buffalo-Niagara Falls","NY",16181,8181,0,0,8000,1
"Burlington","NC",2816,2816,0,0,0,1
"Burlington-South Burlington","VT",1111,1111,0,0,0,1
"Canton-Massillon","OH",1754,1516,0,0,238,1
"Cape Coral-Fort Myers","FL",19205,12475,0,1168,5562,1
"Cape Girardeau-Jackson","MO-IL",735,250,485,0,0,1
"Carson City","NV",296,296,0,0,0,1
"Casper","WY",1780,1780,0,0,0,1
"Cedar Rapids","IA",1746,838,0,268,640,1
"Champaign-Urbana","IL",7086,4496,0,996,1594,1
"Charleston","WV",1004,835,169,0,0,1
"Charleston-North Charleston-Summerville","SC",29971,27980,0,143,1848,1
"Charlotte-Gastonia-Concord","NC-SC",93174,47380,271,381,45142,1
"Charlottesville","VA",12855,11698,500,0,657,1
"Chattanooga","TN-GA",9686,8954,91,0,641,1
"Cheyenne","WY",1517,1517,0,0,0,1
"Chicago-Naperville-Joliet","IL-IN-WI",56070,51856,1030,659,2525,1
"Chico","CA",3880,3880,0,0,0,1
"Cincinnati-Middletown","OH-KY-IN",27672,22502,517,278,4375,1
"Clarksville","TN-KY",5909,5323,86,500,0,1
"Cleveland","TN",2219,1644,0,575,0,1
"Cleveland-Elyria-Mentor","OH",14373,13948,205,0,220,1
"Coeur dAlene","ID",3164,3164,0,0,0,1
"College Station-Bryan","TX",4531,4531,0,0,0,1
"Colorado Springs","CO",24640,24270,370,0,0,1
"Columbia","MO",4499,3289,0,0,1210,1
"Columbia","SC",50306,18570,0,0,31736,1
"Columbus","GA-AL",6636,4777,0,0,1859,1
"Columbus","IN",1359,1359,0,0,0,1
"Columbus","OH",24191,24191,0,0,0,1
"Corpus Christi","TX",5853,5765,88,0,0,1
"Corvallis","OR",1119,1119,0,0,0,1
"Cumberland","MD-WV",1152,1152,0,0,0,1
"Dallas-Fort Worth-Arlington","TX",243902,164370,358,800,78374,1
"Dalton","GA",1766,1376,0,143,247,1
"Danville","IL",0,0,0,0,0,1
"Danville","VA",497,497,0,0,0,1
"Davenport-Moline-Rock Island","IA-IL",935,935,0,0,0,1
"Dayton","OH",9196,9196,0,0,0,1
"Decatur","AL",375,375,0,0,0,1
"Decatur","IL",0,0,0,0,0,1
"Deltona-Daytona Beach-Ormond Beach","FL",10594,9614,0,0,980,1
"Denver-Aurora-Broomfield","CO",40718,35867,0,0,4851,1
"Des Moines-West Des Moines","IA",9525,9525,0,0,0,1
"Detroit-Warren-Livonia","MI",12421,9859,306,2256,0,1
"Dothan","AL",2427,2427,0,0,0,1
"Dover","DE",5396,5396,0,0,0,1
"Dubuque","IA",2046,2046,0,0,0,1
"Duluth","MN-WI",1029,1029,0,0,0,1
"Durham-Chapel Hill","NC",16746,12767,0,0,3979,1
"Eau Claire","WI",0,0,0,0,0,1
"El Centro","CA",2152,2152,0,0,0,1
"El Paso","TX",19113,18836,0,277,0,1
"Elizabethtown","KY",1067,1067,0,0,0,1
"Elkhart-Goshen","IN",1884,1884,0,0,0,1
"Elmira","NY",0,0,0,0,0,1
"Erie","PA",543,543,0,0,0,1
"Eugene-Springfield","OR",5851,5034,307,510,0,1
"Evansville","IN-KY",3317,1436,0,0,1881,1
"Fairbanks","AK",165,165,0,0,0,1
"Fargo","ND-MN",240,240,0,0,0,1
"Farmington","NM",2933,2933,0,0,0,1
"Fayetteville","NC",18318,11715,0,0,6603,1
"Fayetteville-Springdale-Rogers","AR-MO",10107,8345,321,787,654,1
"Flagstaff","AZ",1270,1270,0,0,0,1
"Flint","MI",300,300,0,0,0,1
"Florence","SC",3395,2855,0,0,540,1
"Florence-Muscle Shoals","AL",1039,1039,0,0,0,1
"Fond du Lac","WI",470,470,0,0,0,1
"Fort Collins-Loveland","CO",5344,3742,0,0,1602,1
"Fort Smith","AR-OK",4191,2309,1602,0,280,1
"Fort Walton Beach-Crestview-Destin","FL",5264,5264,0,0,0,1
"Fort Wayne","IN",3195,3195,0,0,0,1
"Fresno","CA",15578,13120,195,541,1722,1
"Gadsden","AL",584,584,0,0,0,1
"Gainesville","FL",3176,2020,0,0,1156,1
"Gainesville","GA",1285,1285,0,0,0,1
"Glens Falls","NY",1598,1598,0,0,0,1
"Goldsboro","NC",1133,1133,0,0,0,1
"Grand Forks","ND-MN",0,0,0,0,0,1
"Grand Junction","CO",3203,3203,0,0,0,1
"Grand Rapids-Wyoming","MI",6607,6607,0,0,0,1
"Great Falls","MT",756,756,0,0,0,1
"Greeley","CO",7083,6880,0,0,203,1
"Green Bay","WI",1770,1527,0,0,243,1
"Greensboro-High Point","NC",16884,15697,0,277,910,1
"Greenville","NC",1742,1742,0,0,0,1
"Greenville","SC",13630,12767,0,0,863,1
"Gulfport-Biloxi","MS",21837,20329,1138,370,0,1
"Hagerstown-Martinsburg","MD-WV",6281,4481,0,0,1800,1
"Hanford-Corcoran","CA",1523,1523,0,0,0,1
"Harrisburg-Carlisle","PA",5304,5304,0,0,0,1
"Harrisonburg","VA",4489,4489,0,0,0,1
"Hartford-West Hartford-East Hartford","CT",4812,4475,0,337,0,1
"Hattiesburg","MS",2971,601,0,693,1677,1
"Hickory-Lenoir-Morganton","NC",9341,9341,0,0,0,1
"Hinesville-Fort Stewart","GA",4343,4343,0,0,0,1
"Holland-Grand Haven","MI",1130,1130,0,0,0,1
"Honolulu","HI",13036,13036,0,0,0,1
"Hot Springs","AR",219,219,0,0,0,1
"Houma-Bayou Cane-Thibodaux","LA",11274,10594,680,0,0,1
"Houston-Sugar Land-Baytown","TX",310964,246330,1077,225,63332,1
"Huntington-Ashland","WV-KY-OH",220,220,0,0,0,1
"Huntsville","AL",14805,11580,0,0,3225,1
"Idaho Falls","ID",852,852,0,0,0,1
"Indianapolis-Carmel","IN",31562,27679,0,0,3883,1
"Iowa City","IA",2131,2131,0,0,0,1
"Ithaca","NY",100,0,100,0,0,1
"Jackson","MI",0,0,0,0,0,1
"Jackson","MS",12424,12424,0,0,0,1
"Jackson","TN",1145,1145,0,0,0,1
"Jacksonville","FL",46638,42727,1029,0,2882,1
"Jacksonville","NC",4108,4108,0,0,0,1
"Janesville","WI",160,160,0,0,0,1
"Jefferson City","MO",595,595,0,0,0,1
"Johnson City","TN",2330,2330,0,0,0,1
"Johnstown","PA",0,0,0,0,0,1
"Jonesboro","AR",1428,1428,0,0,0,1
"Joplin","MO",2320,180,0,0,2140,1
"Kalamazoo-Portage","MI",2767,2767,0,0,0,1
"Kankakee-Bradley","IL",259,259,0,0,0,1
"Kansas City","MO-KS",15614,13580,90,1597,347,1
"Kennewick-Pasco-Richland","WA",5460,4877,0,0,583,1
"Killeen-Temple-Fort Hood","TX",8286,8190,96,0,0,1
"Kingsport-Bristol-Bristol","TN-VA",1914,1914,0,0,0,1
"Kingston","NY",169,169,0,0,0,1
"Knoxville","TN",12904,11041,0,0,1863,1
"Kokomo","IN",0,0,0,0,0,1
"La Crosse","WI-MN",2853,2654,0,0,199,1
"Lafayette","IN",776,776,0,0,0,1
"Lafayette","LA",6010,5595,171,0,244,1
"Lake Charles","LA",6511,5309,0,0,1202,1
"Lake Havasu City-Kingman","AZ",3809,3809,0,0,0,1
"Lakeland-Winter Haven","FL",13166,13166,0,0,0,1
"Lancaster","PA",7850,4750,300,0,2800,1
"Lansing-East Lansing","MI",2359,2157,0,0,202,1
"Laredo","TX",7471,7385,86,0,0,1
"Las Cruces","NM",19759,11659,0,0,8100,1
"Las Vegas-Paradise","NV",27690,26506,0,0,1184,1
"Lawrence","KS",1353,1353,0,0,0,1
"Lawton","OK",2564,2564,0,0,0,1
"Lebanon","PA",1753,1753,0,0,0,1
"Lewiston","ID-WA",216,216,0,0,0,1
"Lewiston-Auburn","ME",378,378,0,0,0,1
"Lexington-Fayette","KY",17378,6933,0,0,10445,1
"Lima","OH",163,163,0,0,0,1
"Lincoln","NE",3609,3609,0,0,0,1
"Little Rock-North Little Rock","AR",26970,16073,0,0,10897,1
"Logan","UT-ID",2092,851,0,1241,0,1
"Longview","TX",1240,1240,0,0,0,1
"Longview","WA",1809,1809,0,0,0,1
"Los Angeles-Long Beach-Santa Ana","CA",128033,66685,8152,1320,51876,1
"Louisville-Jefferson County","KY-IN",14875,13194,200,96,1385,1
"Lubbock","TX",7306,7306,0,0,0,1
"Lynchburg","VA",5211,5211,0,0,0,1
"Macon","GA",2723,2723,0,0,0,1
"Madera-Chowchilla","CA",537,537,0,0,0,1
"Madison","WI",8313,4491,0,475,3347,1
"Manchester-Nashua","NH",4097,4097,0,0,0,1
"Manhattan","KS",2170,2170,0,0,0,1
"Mankato-North Mankato","MN",1413,1270,143,0,0,1
"Mansfield","OH",0,0,0,0,0,1
"McAllen-Edinburg-Mission","TX",22604,21705,325,433,141,1
"Medford","OR",3216,3052,164,0,0,1
"Memphis","TN-MS-AR",25634,13994,0,0,11640,1
"Merced","CA",171,171,0,0,0,1
"Miami-Fort Lauderdale-Pompano Beach","FL",52115,27043,201,2391,22480,1
"Michigan City-La Porte","IN",220,220,0,0,0,1
"Midland","TX",2233,2233,0,0,0,1
"Milwaukee-Waukesha-West Allis","WI",12025,10971,404,0,650,1
"Minneapolis-St. Paul-Bloomington","MN-WI",31016,30080,0,0,936,1
"Missoula","MT",1168,1037,131,0,0,1
"Mobile","AL",17452,9039,0,0,8413,1
"Modesto","CA",7537,4302,197,0,3038,1
"Monroe","LA",2386,1403,600,0,383,1
"Monroe","MI",285,285,0,0,0,1
"Montgomery","AL",4840,3164,0,0,1676,1
"Morgantown","WV",1070,1070,0,0,0,1
"Morristown","TN",1283,1283,0,0,0,1
"Mount Vernon-Anacortes","WA",2408,2408,0,0,0,1
"Muncie","IN",148,148,0,0,0,1
"Muskegon-Norton Shores","MI",0,0,0,0,0,1
"Myrtle Beach-North Myrtle Beach-Conway","SC",16950,12398,0,0,4552,1
"Napa","CA",0,0,0,0,0,1
"Naples-Marco Island","FL",15360,14203,0,1157,0,1
"Nashville-Davidson--Murfreesboro","TN",44285,41681,962,0,1642,1
"New Haven-Milford","CT",4229,3755,105,0,369,1
"New Orleans-Metairie-Kenner","LA",19429,16428,1584,0,1417,1
"New York-Northern New Jersey-Long Island","NY-NJ-PA",162258,100283,8677,3475,49823,1
"Niles-Benton Harbor","MI",288,0,0,0,288,1
"Norwich-New London","CT",1736,1736,0,0,0,1
"Ocala","FL",6720,5811,909,0,0,1
"Ocean City","NJ",4200,3459,741,0,0,1
"Odessa","TX",996,996,0,0,0,1
"Ogden-Clearfield","UT",5310,4090,0,1220,0,1
"Oklahoma City","OK",31931,30343,283,630,675,1
"Olympia","WA",7749,7251,498,0,0,1
"Omaha-Council Bluffs","NE-IA",16846,12406,0,0,4440,1
"Orlando-Kissimmee","FL",86957,60268,1149,2284,23256,1
"Oshkosh-Neenah","WI",1601,1601,0,0,0,1
"Owensboro","KY",911,911,0,0,0,1
"Oxnard-Thousand Oaks-Ventura","CA",6496,5558,0,0,938,1
"Palm Bay-Melbourne-Titusville","FL",22344,15660,0,0,6684,1
"Palm Coast","FL",4746,4746,0,0,0,1
"Panama City-Lynn Haven-Panama City Beach","FL",1613,1407,206,0,0,1
"Parkersburg-Marietta-Vienna","WV-OH",691,691,0,0,0,1
"Pascagoula","MS",7617,7617,0,0,0,1
"Pensacola-Ferry Pass-Brent","FL",10698,10698,0,0,0,1
"Peoria","IL",938,938,0,0,0,1
"Philadelphia-Camden-Wilmington","PA-NJ-DE-MD",50540,47491,637,711,1701,1
"Phoenix-Mesa-Scottsdale","AZ",92982,72447,1124,457,18954,1
"Pine Bluff","AR",0,0,0,0,0,1
"Pittsburgh","PA",23260,22273,0,987,0,1
"Pittsfield","MA",177,177,0,0,0,1
"Pocatello","ID",814,814,0,0,0,1
"Port St. Lucie","FL",7608,7087,0,0,521,1
"Portland-South Portland-Biddeford","ME",7840,6920,0,920,0,1
"Portland-Vancouver-Beaverton","OR-WA",43551,37047,0,316,6188,1
"Poughkeepsie-Newburgh-Middletown","NY",3183,2928,0,0,255,1
"Prescott","AZ",4630,4630,0,0,0,1
"Providence-New Bedford-Fall River","RI-MA",10056,9189,276,591,0,1
"Provo-Orem","UT",9965,9265,218,0,482,1
"Pueblo","CO",2044,2044,0,0,0,1
"Punta Gorda","FL",4819,4560,259,0,0,1
"Racine","WI",1323,1323,0,0,0,1
"Raleigh-Cary","NC",48034,47134,0,0,900,1
"Rapid City","SD",2740,2740,0,0,0,1
"Reading","PA",2287,1927,0,0,360,1
"Redding","CA",1517,1517,0,0,0,1
"Reno-Sparks","NV",7788,7788,0,0,0,1
"Richmond","VA",23880,23880,0,0,0,1
"Riverside-San Bernardino-Ontario","CA",82559,62199,0,0,20360,1
"Roanoke","VA",5439,5439,0,0,0,1
"Rochester","MN",5760,835,0,0,4925,1
"Rochester","NY",6810,6200,610,0,0,1
"Rockford","IL",1200,1200,0,0,0,1
"Rocky Mount","NC",1670,1670,0,0,0,1
"Rome","GA",2730,300,0,0,2430,1
"Sacramento--Arden-Arcade--Roseville","CA",29315,26210,0,943,2162,1
"Saginaw-Saginaw Township North","MI",1609,409,0,0,1200,1
"Salem","OR",4461,2780,0,0,1681,1
"Salinas","CA",2925,1787,0,0,1138,1
"Salisbury","MD",1492,673,0,0,819,1
"Salt Lake City","UT",54859,14072,0,1318,39469,1
"San Angelo","TX",1764,1764,0,0,0,1
"San Antonio","TX",60253,59187,0,0,1066,1
"San Diego-Carlsbad-San Marcos","CA",26672,25691,0,0,981,1
"San Francisco-Oakland-Fremont","CA",35838,30107,2476,232,3023,1
"San Jose-Sunnyvale-Santa Clara","CA",15133,13453,440,0,1240,1
"San Luis Obispo-Paso Robles","CA",2767,2154,0,0,613,1
"Sandusky","OH",0,0,0,0,0,1
"Santa Barbara-Santa Maria","CA",5398,5398,0,0,0,1
"Santa Cruz-Watsonville","CA",1302,1302,0,0,0,1
"Santa Fe","NM",667,667,0,0,0,1
"Santa Rosa-Petaluma","CA",6363,6363,0,0,0,1
"Savannah","GA",9411,9111,0,0,300,1
"Scranton--Wilkes-Barre","PA",1085,1085,0,0,0,1
"Seattle-Tacoma-Bellevue","WA",125137,68202,5320,4504,47111,1
"Sebastian-Vero Beach","FL",8538,8538,0,0,0,1
"Sheboygan","WI",1340,1340,0,0,0,1
"Sherman-Denison","TX",0,0,0,0,0,1
"Shreveport-Bossier City","LA",7476,7476,0,0,0,1
"Sioux City","IA-NE-SD",830,830,0,0,0,1
"Sioux Falls","SD",3151,2370,0,343,438,1
"South Bend-Mishawaka","IN-MI",1652,1652,0,0,0,1
"Spartanburg","SC",3224,3224,0,0,0,1
"Spokane","WA",2482,2482,0,0,0,1
"Springfield","IL",1195,1195,0,0,0,1
"Springfield","MA",1346,1346,0,0,0,1
"Springfield","MO",4216,2335,0,0,1881,1
"Springfield","OH",1015,1015,0,0,0,1
"St. Cloud","MN",810,495,0,0,315,1
"St. George","UT",4783,4783,0,0,0,1
"St. Joseph","MO-KS",562,362,200,0,0,1
"St. Louis","MO-IL",41818,37872,470,1367,2109,1
"State College","PA",2173,1773,400,0,0,1
"Stockton","CA",7311,6703,0,0,608,1
"Sumter","SC",3471,3471,0,0,0,1
"Syracuse","NY",2359,2359,0,0,0,1
"Tallahassee","FL",9174,7718,142,0,1314,1
"Tampa-St. Petersburg-Clearwater","FL",83296,55221,308,55,27712,1
"Terre Haute","IN",1257,780,191,0,286,1
"Texarkana","TX-Texarkana",496,496,0,0,0,1
"Toledo","OH",2958,2958,0,0,0,1
"Topeka","KS",3301,2101,0,1200,0,1
"Trenton-Ewing","NJ",3310,3310,0,0,0,1
"Tucson","AZ",20941,20408,199,0,334,1
"Tulsa","OK",31879,29762,0,0,2117,1
"Tuscaloosa","AL",5343,2995,0,0,2348,1
"Tyler","TX",1896,1515,0,150,231,1
"Utica-Rome","NY",0,0,0,0,0,1
"Valdosta","GA",2771,2771,0,0,0,1
"Vallejo-Fairfield","CA",863,863,0,0,0,1
"Victoria","TX",453,453,0,0,0,1
"Vineland-Millville-Bridgeton","NJ",1697,1697,0,0,0,1
"Virginia Beach-Norfolk-Newport News","VA-NC",24595,21825,200,0,2570,1
"Visalia-Porterville","CA",9361,9067,0,294,0,1
"Waco","TX",1960,1960,0,0,0,1
"Warner Robins","GA",7172,4032,0,0,3140,1
"Washington-Arlington-Alexandria","DC-VA-MD-WV",130849,96064,0,0,34785,1
"Waterloo-Cedar Falls","IA",429,429,0,0,0,1
"Wausau","WI",858,718,140,0,0,1
"Weirton-Steubenville","WV-OH",0,0,0,0,0,1
"Wenatchee-East Wenatchee","WA",1546,1546,0,0,0,1
"Wheeling","WV-OH",0,0,0,0,0,1
"Wichita Falls","TX",1795,809,151,0,835,1
"Wichita","KS",9012,8862,150,0,0,1
"Williamsport","PA",0,0,0,0,0,1
"Wilmington","NC",32231,26822,239,0,5170,1
"Winchester","VA-WV",3825,3825,0,0,0,1
"Winston-Salem","NC",5842,5842,0,0,0,1
"Worcester","MA",3926,2789,0,0,1137,1
"Yakima","WA",2216,2216,0,0,0,1
"York-Hanover","PA",7651,7651,0,0,0,1
"Youngstown-Warren-Boardman","OH-PA",714,614,100,0,0,1
"Yuba City","CA",335,335,0,0,0,1
"Yuma","AZ",4727,4727,0,0,0,1
"Abilene","TX",2631,2631,0,0,0,2
"Akron","OH",3330,3153,0,0,177,2
"Albany","GA",1523,1373,150,0,0,2
"Albany-Schenectady-Troy","NY",9478,8593,0,885,0,2
"Albuquerque","NM",15796,13999,0,340,1457,2
"Alexandria","LA",2520,2520,0,0,0,2
"Allentown-Bethlehem-Easton","PA-NJ",11572,9266,0,0,2306,2
"Altoona","PA",183,183,0,0,0,2
"Amarillo","TX",9246,9246,0,0,0,2
"Ames","IA",0,0,0,0,0,2
"Anchorage","AK",4967,4967,0,0,0,2
"Anderson","IN",778,778,0,0,0,2
"Anderson","SC",4746,4746,0,0,0,2
"Ann Arbor","MI",1188,1188,0,0,0,2
"Anniston-Oxford","AL",1694,1694,0,0,0,2
"Appleton","WI",4405,4405,0,0,0,2
"Asheville","NC",17040,16792,0,248,0,2
"Athens-Clarke County","GA",5066,5066,0,0,0,2
"Atlanta-Sandy Springs-Marietta","GA",77405,75175,0,514,1716,2
"Atlantic City-Hammonton","NJ",7183,6273,0,0,910,2
"Auburn-Opelika","AL",10194,9157,0,1037,0,2
"Augusta-Richmond County","GA-SC",15201,15201,0,0,0,2
"Austin-Round Rock","TX",94100,71646,371,0,22083,2
"Bakersfield","CA",14808,12721,0,0,2087,2
"Baltimore-Towson","MD",26932,24877,0,0,2055,2
"Bangor","ME",661,661,0,0,0,2
"Barnstable Town","MA",4274,4274,0,0,0,2
"Baton Rouge","LA",24793,24793,0,0,0,2
"Battle Creek","MI",0,0,0,0,0,2
"Bay City","MI",0,0,0,0,0,2
"Beaumont-Port Arthur","TX",5602,5602,0,0,0,2
"Bellingham","WA",2295,2295,0,0,0,2
"Bend","OR",3408,3408,0,0,0,2
"Billings","MT",3252,3252,0,0,0,2
"Binghamton","NY",0,0,0,0,0,2
"Birmingham-Hoover","AL",22224,21182,198,0,844,2
"Bismarck","ND",489,489,0,0,0,2
"Bloomington","IN",3081,967,0,0,2114,2
"Bloomington-Normal","IL",3316,3316,0,0,0,2
"Boise City-Nampa","ID",14848,14497,0,351,0,2
"Boston-Cambridge-Quincy","MA-NH",115550,28147,1866,1178,84359,2
"Boulder","CO",7840,2820,430,0,4590,2
"Bowling Green","KY",3003,2703,300,0,0,2
"Bradenton-Sarasota-Venice","FL",23253,21192,519,0,1542,2
"Bremerton-Silverdale","WA",5531,5531,0,0,0,2
"Bridgeport-Stamford-Norwalk","CT",17348,6015,0,0,11333,2
"Brownsville-Harlingen","TX",5783,5783,0,0,0,2
"Brunswick","GA",5826,5826,0,0,0,2
"Buffalo-Niagara Falls","NY",8409,8409,0,0,0,2
"Burlington","NC",3800,3800,0,0,0,2
"Burlington-South Burlington","VT",1599,1599,0,0,0,2
"Canton-Massillon","OH",2650,2412,0,0,238,2
"Cape Coral-Fort Myers","FL",19316,16226,0,0,3090,2
"Cape Girardeau-Jackson","MO-IL",845,645,200,0,0,2
"Carson City","NV",762,762,0,0,0,2
"Casper","WY",245,245,0,0,0,2
"Cedar Rapids","IA",1686,1396,0,290,0,2
"Champaign-Urbana","IL",2586,2083,0,0,503,2
"Charleston","WV",1734,1734,0,0,0,2
"Charleston-North Charleston-Summerville","SC",36158,34680,0,0,1478,2
"Charlotte-Gastonia-Concord","NC-SC",45695,45306,0,0,389,2
"Charlottesville","VA",8880,7973,250,0,657,2
"Chattanooga","TN-GA",8629,8171,0,0,458,2
"Cheyenne","WY",1689,1689,0,0,0,2
"Chicago-Naperville-Joliet","IL-IN-WI",69342,61469,1050,2398,4425,2
"Chico","CA",4013,4013,0,0,0,2
"Cincinnati-Middletown","OH-KY-IN",34562,33083,0,1352,127,2
"Clarksville","TN-KY",11128,10628,0,0,500,2
"Cleveland","TN",1299,955,200,144,0,2
"Cleveland-Elyria-Mentor","OH",15049,15049,0,0,0,2
"Coeur dAlene","ID",7669,6532,1137,0,0,2
"College Station-Bryan","TX",8069,7269,0,0,800,2
"Colorado Springs","CO",24276,23536,740,0,0,2
"Columbia","MO",9772,7536,0,0,2236,2
"Columbia","SC",20280,19208,0,0,1072,2
"Columbus","GA-AL",13064,12173,0,136,755,2
"Columbus","IN",1547,1547,0,0,0,2
"Columbus","OH",34182,30486,0,0,3696,2
"Corpus Christi","TX",6703,6703,0,0,0,2
"Corvallis","OR",563,563,0,0,0,2
"Cumberland","MD-WV",710,710,0,0,0,2
"Dallas-Fort Worth-Arlington","TX",257705,202764,946,0,53995,2
"Dalton","GA",1976,1976,0,0,0,2
"Danville","IL",0,0,0,0,0,2
"Danville","VA",497,497,0,0,0,2
"Davenport-Moline-Rock Island","IA-IL",2378,2378,0,0,0,2
"Dayton","OH",8457,8457,0,0,0,2
"Decatur","AL",589,589,0,0,0,2
"Decatur","IL",0,0,0,0,0,2
"Deltona-Daytona Beach-Ormond Beach","FL",10242,9458,0,0,784,2
"Denver-Aurora-Broomfield","CO",66538,42183,1315,461,22579,2
"Des Moines-West Des Moines","IA",10148,9902,246,0,0,2
"Detroit-Warren-Livonia","MI",13806,12935,0,238,633,2
"Dothan","AL",4730,4730,0,0,0,2
"Dover","DE",5044,5044,0,0,0,2
"Dubuque","IA",2258,1923,335,0,0,2
"Duluth","MN-WI",845,845,0,0,0,2
"Durham-Chapel Hill","NC",26178,24088,0,929,1161,2
"Eau Claire","WI",230,230,0,0,0,2
"El Centro","CA",3523,3150,0,373,0,2
"El Paso","TX",25547,24647,0,0,900,2
"Elizabethtown","KY",1350,1350,0,0,0,2
"Elkhart-Goshen","IN",1037,1037,0,0,0,2
"Elmira","NY",0,0,0,0,0,2
"Erie","PA",1469,769,0,0,700,2
"Eugene-Springfield","OR",4765,3804,0,0,961,2
"Evansville","IN-KY",4452,2461,0,0,1991,2
"Fairbanks","AK",165,165,0,0,0,2
"Fargo","ND-MN",3710,510,0,0,3200,2
"Farmington","NM",1134,1134,0,0,0,2
"Fayetteville","NC",16064,15019,0,0,1045,2
"Fayetteville-Springdale-Rogers","AR-MO",12990,9442,553,1020,1975,2
"Flagstaff","AZ",1074,1074,0,0,0,2
"Flint","MI",1379,1379,0,0,0,2
"Florence","SC",4135,3535,0,0,600,2
"Florence-Muscle Shoals","AL",368,368,0,0,0,2
"Fond du Lac","WI",226,226,0,0,0,2
"Fort Collins-Loveland","CO",4439,4439,0,0,0,2
"Fort Smith","AR-OK",4525,4151,374,0,0,2
"Fort Walton Beach-Crestview-Destin","FL",4065,3653,0,0,412,2
"Fort Wayne","IN",4588,4588,0,0,0,2
"Fresno","CA",19192,19192,0,0,0,2
"Gadsden","AL",1085,1085,0,0,0,2
"Gainesville","FL",3461,2487,0,0,974,2
"Gainesville","GA",1595,1595,0,0,0,2
"Glens Falls","NY",1604,1604,0,0,0,2
"Goldsboro","NC",1873,1873,0,0,0,2
"Grand Forks","ND-MN",0,0,0,0,0,2
"Grand Junction","CO",5448,5448,0,0,0,2
"Grand Rapids-Wyoming","MI",7165,6805,0,360,0,2
"Great Falls","MT",2332,2332,0,0,0,2
"Greeley","CO",9200,9055,0,0,145,2
"Green Bay","WI",2663,2663,0,0,0,2
"Greensboro-High Point","NC",22070,18743,129,0,3198,2
"Greenville","NC",3590,3590,0,0,0,2
"Greenville","SC",17433,17433,0,0,0,2
"Gulfport-Biloxi","MS",11785,11365,420,0,0,2
"Hagerstown-Martinsburg","MD-WV",5696,5696,0,0,0,2
"Hanford-Corcoran","CA",633,633,0,0,0,2
"Harrisburg-Carlisle","PA",6661,6661,0,0,0,2
"Harrisonburg","VA",8393,7101,0,0,1292,2
"Hartford-West Hartford-East Hartford","CT",7148,5543,0,0,1605,2
"Hattiesburg","MS",317,317,0,0,0,2
"Hickory-Lenoir-Morganton","NC",8179,8179,0,0,0,2
"Hinesville-Fort Stewart","GA",2556,2556,0,0,0,2
"Holland-Grand Haven","MI",2159,2159,0,0,0,2
"Honolulu","HI",20855,15155,0,0,5700,2
"Hot Springs","AR",328,328,0,0,0,2
"Houma-Bayou Cane-Thibodaux","LA",6741,6741,0,0,0,2
"Houston-Sugar Land-Baytown","TX",283408,249019,415,240,33734,2
"Huntington-Ashland","WV-KY-OH",220,220,0,0,0,2
"Huntsville","AL",17999,17999,0,0,0,2
"Idaho Falls","ID",1620,1620,0,0,0,2
"Indianapolis-Carmel","IN",44744,39771,216,0,4757,2
"Iowa City","IA",3570,3570,0,0,0,2
"Ithaca","NY",150,150,0,0,0,2
"Jackson","MI",505,109,0,0,396,2
"Jackson","MS",11175,11175,0,0,0,2
"Jackson","TN",2364,2364,0,0,0,2
"Jacksonville","FL",141853,34335,933,0,106585,2
"Jacksonville","NC",20755,9715,0,0,11040,2
"Janesville","WI",363,363,0,0,0,2
"Jefferson City","MO",478,478,0,0,0,2
"Johnson City","TN",4380,4380,0,0,0,2
"Johnstown","PA",0,0,0,0,0,2
"Jonesboro","AR",2058,2058,0,0,0,2
"Joplin","MO",538,538,0,0,0,2
"Kalamazoo-Portage","MI",3875,2488,0,0,1387,2
"Kankakee-Bradley","IL",0,0,0,0,0,2
"Kansas City","MO-KS",21871,19946,0,1583,342,2
"Kennewick-Pasco-Richland","WA",6488,6071,0,0,417,2
"Killeen-Temple-Fort Hood","TX",19095,18504,591,0,0,2
"Kingsport-Bristol-Bristol","TN-VA",2500,2351,149,0,0,2
"Kingston","NY",765,505,260,0,0,2
"Knoxville","TN",12249,11279,0,0,970,2
"Kokomo","IN",0,0,0,0,0,2
"La Crosse","WI-MN",430,430,0,0,0,2
"Lafayette","IN",2870,2870,0,0,0,2
"Lafayette","LA",5790,5350,0,0,440,2
"Lake Charles","LA",5168,5168,0,0,0,2
"Lake Havasu City-Kingman","AZ",4093,4093,0,0,0,2
"Lakeland-Winter Haven","FL",15530,15530,0,0,0,2
"Lancaster","PA",6187,5613,0,0,574,2
"Lansing-East Lansing","MI",3275,3275,0,0,0,2
"Laredo","TX",5735,5044,134,201,356,2
"Las Cruces","NM",14778,10500,0,0,4278,2
"Las Vegas-Paradise","NV",21872,19989,0,1883,0,2
"Lawrence","KS",1369,1235,134,0,0,2
"Lawton","OK",2583,2583,0,0,0,2
"Lebanon","PA",3154,3154,0,0,0,2
"Lewiston","ID-WA",216,216,0,0,0,2
"Lewiston-Auburn","ME",510,510,0,0,0,2
"Lexington-Fayette","KY",15137,14967,170,0,0,2
"Lima","OH",1200,1200,0,0,0,2
"Lincoln","NE",6004,5864,140,0,0,2
"Little Rock-North Little Rock","AR",17815,13565,0,0,4250,2
"Logan","UT-ID",1477,1477,0,0,0,2
"Longview","TX",1447,1447,0,0,0,2
"Longview","WA",1617,1617,0,0,0,2
"Los Angeles-Long Beach-Santa Ana","CA",130885,52066,7471,6315,65033,2
"Louisville-Jefferson County","KY-IN",20745,20745,0,0,0,2
"Lubbock","TX",11451,11251,200,0,0,2
"Lynchburg","VA",12726,12726,0,0,0,2
"Macon","GA",3002,2290,0,0,712,2
"Madera-Chowchilla","CA",1140,1140,0,0,0,2
"Madison","WI",12475,12202,273,0,0,2
"Manchester-Nashua","NH",1829,1529,300,0,0,2
"Manhattan","KS",6014,4258,0,0,1756,2
"Mankato-North Mankato","MN",310,310,0,0,0,2
"Mansfield","OH",0,0,0,0,0,2
"McAllen-Edinburg-Mission","TX",39111,38085,172,854,0,2
"Medford","OR",2864,2864,0,0,0,2
"Memphis","TN-MS-AR",16135,16135,0,0,0,2
"Merced","CA",823,823,0,0,0,2
"Miami-Fort Lauderdale-Pompano Beach","FL",40148,26198,303,6087,7560,2
"Michigan City-La Porte","IN",440,440,0,0,0,2
"Midland","TX",1721,1721,0,0,0,2
"Milwaukee-Waukesha-West Allis","WI",23752,12624,563,875,9690,2
"Minneapolis-St. Paul-Bloomington","MN-WI",42916,40361,0,600,1955,2
"Missoula","MT",1871,1746,125,0,0,2
"Mobile","AL",5582,5582,0,0,0,2
"Modesto","CA",1861,1861,0,0,0,2
"Monroe","LA",1980,1929,51,0,0,2
"Monroe","MI",659,659,0,0,0,2
"Montgomery","AL",3232,3232,0,0,0,2
"Morgantown","WV",115,115,0,0,0,2
"Morristown","TN",1675,1605,70,0,0,2
"Mount Vernon-Anacortes","WA",2453,2453,0,0,0,2
"Muncie","IN",0,0,0,0,0,2
"Muskegon-Norton Shores","MI",0,0,0,0,0,2
"Myrtle Beach-North Myrtle Beach-Conway","SC",15015,10232,0,0,4783,2
"Napa","CA",1535,1535,0,0,0,2
"Naples-Marco Island","FL",25893,17435,0,1765,6693,2
"Nashville-Davidson--Murfreesboro","TN",47387,47287,100,0,0,2
"New Haven-Milford","CT",1738,1186,60,0,492,2
"New Orleans-Metairie-Kenner","LA",43612,22712,900,0,20000,2
"New York-Northern New Jersey-Long Island","NY-NJ-PA",137583,78605,6200,5563,47215,2
"Niles-Benton Harbor","MI",185,185,0,0,0,2
"Norwich-New London","CT",2055,1853,0,202,0,2
"Ocala","FL",6577,5823,754,0,0,2
"Ocean City","NJ",3533,3277,256,0,0,2
"Odessa","TX",790,790,0,0,0,2
"Ogden-Clearfield","UT",9583,8004,200,680,699,2
"Oklahoma City","OK",34315,33865,0,0,450,2
"Olympia","WA",9785,9496,289,0,0,2
"Omaha-Council Bluffs","NE-IA",17987,17449,88,0,450,2
"Orlando-Kissimmee","FL",69613,69218,0,395,0,2
"Oshkosh-Neenah","WI",1252,1042,210,0,0,2
"Owensboro","KY",899,899,0,0,0,2
"Oxnard-Thousand Oaks-Ventura","CA",5079,4329,0,0,750,2
"Palm Bay-Melbourne-Titusville","FL",17826,15355,0,636,1835,2
"Palm Coast","FL",3107,3107,0,0,0,2
"Panama City-Lynn Haven-Panama City Beach","FL",4156,4156,0,0,0,2
"Parkersburg-Marietta-Vienna","WV-OH",372,372,0,0,0,2
"Pascagoula","MS",7340,7340,0,0,0,2
"Pensacola-Ferry Pass-Brent","FL",16699,10586,0,0,6113,2
"Peoria","IL",1739,1739,0,0,0,2
"Philadelphia-Camden-Wilmington","PA-NJ-DE-MD",52023,49501,1130,125,1267,2
"Phoenix-Mesa-Scottsdale","AZ",105429,54660,0,0,50769,2
"Pine Bluff","AR",0,0,0,0,0,2
"Pittsburgh","PA",22510,18425,120,0,3965,2
"Pittsfield","MA",158,158,0,0,0,2
"Pocatello","ID",868,868,0,0,0,2
"Port St. Lucie","FL",5780,5002,0,344,434,2
"Portland-South Portland-Biddeford","ME",12093,8073,225,2530,1265,2
"Portland-Vancouver-Beaverton","OR-WA",42109,29338,0,2069,10702,2
"Poughkeepsie-Newburgh-Middletown","NY",4331,3351,0,0,980,2
"Prescott","AZ",4970,4970,0,0,0,2
"Providence-New Bedford-Fall River","RI-MA",10304,9333,626,239,106,2
"Provo-Orem","UT",8540,8540,0,0,0,2
"Pueblo","CO",3064,3064,0,0,0,2
"Punta Gorda","FL",4581,4581,0,0,0,2
"Racine","WI",14486,2486,0,0,12000,2
"Raleigh-Cary","NC",52442,52442,0,0,0,2
"Rapid City","SD",3797,3797,0,0,0,2
"Reading","PA",1408,1408,0,0,0,2
"Redding","CA",3514,3514,0,0,0,2
"Reno-Sparks","NV",12597,8433,0,0,4164,2
"Richmond","VA",33034,31266,0,286,1482,2
"Riverside-San Bernardino-Ontario","CA",68725,59984,0,900,7841,2
"Roanoke","VA",3308,3308,0,0,0,2
"Rochester","MN",778,778,0,0,0,2
"Rochester","NY",10852,9055,0,420,1377,2
"Rockford","IL",907,907,0,0,0,2
"Rocky Mount","NC",1886,1886,0,0,0,2
"Rome","GA",724,724,0,0,0,2
"Sacramento--Arden-Arcade--Roseville","CA",33202,32532,0,0,670,2
"Saginaw-Saginaw Township North","MI",140,140,0,0,0,2
"Salem","OR",5969,5670,299,0,0,2
"Salinas","CA",1942,1048,0,894,0,2
"Salisbury","MD",1371,552,0,0,819,2
"Salt Lake City","UT",60980,8600,0,440,51940,2
"San Angelo","TX",8841,1941,0,0,6900,2
"San Antonio","TX",67718,65321,0,0,2397,2
"San Diego-Carlsbad-San Marcos","CA",31699,28634,1049,2016,0,2
"San Francisco-Oakland-Fremont","CA",67674,26125,270,0,41279,2
"San Jose-Sunnyvale-Santa Clara","CA",7154,6518,636,0,0,2
"San Luis Obispo-Paso Robles","CA",4350,4350,0,0,0,2
"Sandusky","OH",0,0,0,0,0,2
"Santa Barbara-Santa Maria","CA",5308,4475,0,833,0,2
"Santa Cruz-Watsonville","CA",244,244,0,0,0,2
"Santa Fe","NM",667,667,0,0,0,2
"Santa Rosa-Petaluma","CA",5181,5181,0,0,0,2
"Savannah","GA",10382,10382,0,0,0,2
"Scranton--Wilkes-Barre","PA",1029,1029,0,0,0,2
"Seattle-Tacoma-Bellevue","WA",73386,63658,2330,0,7398,2
"Sebastian-Vero Beach","FL",7718,7718,0,0,0,2
"Sheboygan","WI",170,170,0,0,0,2
"Sherman-Denison","TX",0,0,0,0,0,2
"Shreveport-Bossier City","LA",13109,13109,0,0,0,2
"Sioux City","IA-NE-SD",730,730,0,0,0,2
"Sioux Falls","SD",4504,1393,0,0,3111,2
"South Bend-Mishawaka","IN-MI",3361,1269,0,1084,1008,2
"Spartanburg","SC",4876,4876,0,0,0,2
"Spokane","WA",4030,4030,0,0,0,2
"Springfield","IL",1699,1503,196,0,0,2
"Springfield","MA",2859,2499,360,0,0,2
"Springfield","MO",3136,1859,190,0,1087,2
"Springfield","OH",1144,1144,0,0,0,2
"St. Cloud","MN",3153,753,0,0,2400,2
"St. George","UT",3788,3788,0,0,0,2
"St. Joseph","MO-KS",1105,1105,0,0,0,2
"St. Louis","MO-IL",40872,40404,150,318,0,2
"State College","PA",2434,2034,400,0,0,2
"Stockton","CA",6463,6463,0,0,0,2
"Sumter","SC",3001,3001,0,0,0,2
"Syracuse","NY",4175,4175,0,0,0,2
"Tallahassee","FL",10265,9148,142,0,975,2
"Tampa-St. Petersburg-Clearwater","FL",58876,56320,0,334,2222,2
"Terre Haute","IN",297,297,0,0,0,2
"Texarkana","TX-Texarkana",1131,668,463,0,0,2
"Toledo","OH",4844,3114,0,0,1730,2
"Topeka","KS",2987,2987,0,0,0,2
"Trenton-Ewing","NJ",3977,3977,0,0,0,2
"Tucson","AZ",22119,21642,199,0,278,2
"Tulsa","OK",31041,30841,200,0,0,2
"Tuscaloosa","AL",4758,4758,0,0,0,2
"Tyler","TX",1923,1692,0,0,231,2
"Utica-Rome","NY",0,0,0,0,0,2
"Valdosta","GA",4058,3493,120,0,445,2
"Vallejo-Fairfield","CA",7602,6352,0,0,1250,2
"Victoria","TX",604,604,0,0,0,2
"Vineland-Millville-Bridgeton","NJ",1527,1527,0,0,0,2
"Virginia Beach-Norfolk-Newport News","VA-NC",46479,36747,620,381,8731,2
"Visalia-Porterville","CA",14166,14166,0,0,0,2
"Waco","TX",3757,3597,160,0,0,2
"Warner Robins","GA",5626,5626,0,0,0,2
"Washington-Arlington-Alexandria","DC-VA-MD-WV",143360,120168,0,0,23192,2
"Waterloo-Cedar Falls","IA",1649,1649,0,0,0,2
"Wausau","WI",1236,1236,0,0,0,2
"Weirton-Steubenville","WV-OH",336,336,0,0,0,2
"Wenatchee-East Wenatchee","WA",3595,3595,0,0,0,2
"Wheeling","WV-OH",0,0,0,0,0,2
"Wichita Falls","TX",1424,809,0,0,615,2
"Wichita","KS",10583,10583,0,0,0,2
"Williamsport","PA",80,80,0,0,0,2
"Wilmington","NC",23189,22669,0,0,520,2
"Winchester","VA-WV",2850,2850,0,0,0,2
"Winston-Salem","NC",6533,6533,0,0,0,2
"Worcester","MA",5529,3411,0,2063,55,2
"Yakima","WA",1451,1451,0,0,0,2
"York-Hanover","PA",4048,3114,0,360,574,2
"Youngstown-Warren-Boardman","OH-PA",2271,2171,100,0,0,2
"Yuba City","CA",1502,1502,0,0,0,2
"Yuma","AZ",6771,6771,0,0,0,2
"Abilene","TX",3023,3023,0,0,0,3
"Akron","OH",4219,4042,0,0,177,3
"Albany","GA",1638,1488,150,0,0,3
"Albany-Schenectady-Troy","NY",14206,11230,0,1475,1501,3
"Albuquerque","NM",19956,17570,0,1159,1227,3
"Alexandria","LA",5948,5948,0,0,0,3
"Allentown-Bethlehem-Easton","PA-NJ",14649,14649,0,0,0,3
"Altoona","PA",61,61,0,0,0,3
"Amarillo","TX",8344,8016,0,328,0,3
"Ames","IA",1483,1483,0,0,0,3
"Anchorage","AK",5946,5304,0,642,0,3
"Anderson","IN",802,802,0,0,0,3
"Anderson","SC",3010,3010,0,0,0,3
"Ann Arbor","MI",1528,1226,0,0,302,3
"Anniston-Oxford","AL",5490,2082,160,0,3248,3
"Appleton","WI",5160,4930,230,0,0,3
"Asheville","NC",21939,16631,0,0,5308,3
"Athens-Clarke County","GA",4815,3910,150,0,755,3
"Atlanta-Sandy Springs-Marietta","GA",94944,86607,425,734,7178,3
"Atlantic City-Hammonton","NJ",3622,3622,0,0,0,3
"Auburn-Opelika","AL",10813,10159,0,0,654,3
"Augusta-Richmond County","GA-SC",16698,16698,0,0,0,3
"Austin-Round Rock","TX",94396,80998,750,825,11823,3
"Bakersfield","CA",9637,8542,476,314,305,3
"Baltimore-Towson","MD",36670,35270,150,0,1250,3
"Bangor","ME",1691,1691,0,0,0,3
"Barnstable Town","MA",5672,5047,0,0,625,3
"Baton Rouge","LA",21818,21818,0,0,0,3
"Battle Creek","MI",0,0,0,0,0,3
"Bay City","MI",240,240,0,0,0,3
"Beaumont-Port Arthur","TX",35829,13347,0,0,22482,3
"Bellingham","WA",3421,3421,0,0,0,3
"Bend","OR",9325,9325,0,0,0,3
"Billings","MT",2056,2056,0,0,0,3
"Binghamton","NY",256,256,0,0,0,3
"Birmingham-Hoover","AL",27640,26874,0,0,766,3
"Bismarck","ND",624,624,0,0,0,3
"Bloomington","IN",3485,3062,0,0,423,3
"Bloomington-Normal","IL",4141,1404,0,0,2737,3
"Boise City-Nampa","ID",23430,22728,0,702,0,3
"Boston-Cambridge-Quincy","MA-NH",66032,54567,3506,1618,6341,3
"Boulder","CO",2571,2421,0,150,0,3
"Bowling Green","KY",3320,2940,0,0,380,3
"Bradenton-Sarasota-Venice","FL",23847,16729,0,618,6500,3
"Bremerton-Silverdale","WA",6169,6169,0,0,0,3
"Bridgeport-Stamford-Norwalk","CT",13864,11601,508,635,1120,3
"Brownsville-Harlingen","TX",4778,4631,147,0,0,3
"Brunswick","GA",6621,6621,0,0,0,3
"Buffalo-Niagara Falls","NY",8733,8733,0,0,0,3
"Burlington","NC",7390,7390,0,0,0,3
"Burlington-South Burlington","VT",2655,2383,0,272,0,3
"Canton-Massillon","OH",3875,3637,0,0,238,3
"Cape Coral-Fort Myers","FL",18006,13712,0,0,4294,3
"Cape Girardeau-Jackson","MO-IL",685,545,140,0,0,3
"Carson City","NV",439,439,0,0,0,3
"Casper","WY",567,567,0,0,0,3
"Cedar Rapids","IA",4866,4125,199,542,0,3
"Champaign-Urbana","IL",2292,2292,0,0,0,3
"Charleston","WV",1723,1723,0,0,0,3
"Charleston-North Charleston-Summerville","SC",52128,49592,0,1242,1294,3
"Charlotte-Gastonia-Concord","NC-SC",76106,54783,0,0,21323,3
"Charlottesville","VA",7971,7314,0,0,657,3
"Chattanooga","TN-GA",11076,10527,91,0,458,3
"Cheyenne","WY",1886,1886,0,0,0,3
"Chicago-Naperville-Joliet","IL-IN-WI",103875,76446,1715,5981,19733,3
"Chico","CA",2787,2361,0,426,0,3
"Cincinnati-Middletown","OH-KY-IN",43831,43016,0,0,815,3
"Clarksville","TN-KY",14386,13068,138,380,800,3
"Cleveland","TN",2709,2354,145,210,0,3
"Cleveland-Elyria-Mentor","OH",22641,21626,0,1015,0,3
"Coeur dAlene","ID",9526,9526,0,0,0,3
"College Station-Bryan","TX",11148,11148,0,0,0,3
"Colorado Springs","CO",30931,30561,370,0,0,3
"Columbia","MO",4883,4733,150,0,0,3
"Columbia","SC",31674,27514,0,0,4160,3
"Columbus","GA-AL",10642,9827,0,136,679,3
"Columbus","IN",1953,1953,0,0,0,3
"Columbus","OH",47640,44690,1309,275,1366,3
"Corpus Christi","TX",6335,6335,0,0,0,3
"Corvallis","OR",76,76,0,0,0,3
"Cumberland","MD-WV",2307,1407,0,0,900,3
"Dallas-Fort Worth-Arlington","TX",238142,199879,1249,113,36901,3
"Dalton","GA",1681,1681,0,0,0,3
"Danville","IL",0,0,0,0,0,3
"Danville","VA",745,745,0,0,0,3
"Davenport-Moline-Rock Island","IA-IL",3388,3388,0,0,0,3
"Dayton","OH",11895,11272,0,113,510,3
"Decatur","AL",543,543,0,0,0,3
"Decatur","IL",222,222,0,0,0,3
"Deltona-Daytona Beach-Ormond Beach","FL",15190,14602,0,0,588,3
"Denver-Aurora-Broomfield","CO",47503,34049,251,0,13203,3
"Des Moines-West Des Moines","IA",24534,24302,232,0,0,3
"Detroit-Warren-Livonia","MI",13162,13162,0,0,0,3
"Dothan","AL",2497,2497,0,0,0,3
"Dover","DE",5886,5886,0,0,0,3
"Dubuque","IA",5206,4683,523,0,0,3
"Duluth","MN-WI",2170,1594,0,0,576,3
"Durham-Chapel Hill","NC",30177,30177,0,0,0,3
"Eau Claire","WI",1688,1568,120,0,0,3
"El Centro","CA",1314,587,0,282,445,3
"El Paso","TX",35893,35893,0,0,0,3
"Elizabethtown","KY",2552,2552,0,0,0,3
"Elkhart-Goshen","IN",1715,1715,0,0,0,3
"Elmira","NY",0,0,0,0,0,3
"Erie","PA",2276,2066,210,0,0,3
"Eugene-Springfield","OR",9777,9347,0,0,430,3
"Evansville","IN-KY",3630,3418,0,0,212,3
"Fairbanks","AK",331,331,0,0,0,3
"Fargo","ND-MN",0,0,0,0,0,3
"Farmington","NM",3447,3200,0,247,0,3
"Fayetteville","NC",23883,23517,0,0,366,3
"Fayetteville-Springdale-Rogers","AR-MO",18652,10091,575,0,7986,3
"Flagstaff","AZ",2119,2119,0,0,0,3
"Flint","MI",694,694,0,0,0,3
"Florence","SC",4483,3943,0,0,540,3
"Florence-Muscle Shoals","AL",1012,938,74,0,0,3
"Fond du Lac","WI",494,494,0,0,0,3
"Fort Collins-Loveland","CO",6944,6944,0,0,0,3
"Fort Smith","AR-OK",5458,4208,0,0,1250,3
"Fort Walton Beach-Crestview-Destin","FL",3774,3362,0,0,412,3
"Fort Wayne","IN",8056,8056,0,0,0,3
"Fresno","CA",24300,22206,195,728,1171,3
"Gadsden","AL",770,770,0,0,0,3
"Gainesville","FL",4230,3561,0,0,669,3
"Gainesville","GA",1990,1840,150,0,0,3
"Glens Falls","NY",1344,1344,0,0,0,3
"Goldsboro","NC",1871,1871,0,0,0,3
"Grand Forks","ND-MN",0,0,0,0,0,3
"Grand Junction","CO",3631,3631,0,0,0,3
"Grand Rapids-Wyoming","MI",7990,7750,240,0,0,3
"Great Falls","MT",966,966,0,0,0,3
"Greeley","CO",9180,9035,0,0,145,3
"Green Bay","WI",2501,2501,0,0,0,3
"Greensboro-High Point","NC",26727,20322,0,0,6405,3
"Greenville","NC",6909,5789,1120,0,0,3
"Greenville","SC",27705,27705,0,0,0,3
"Gulfport-Biloxi","MS",16400,13668,1743,989,0,3
"Hagerstown-Martinsburg","MD-WV",8748,8748,0,0,0,3
"Hanford-Corcoran","CA",2205,2205,0,0,0,3
"Harrisburg-Carlisle","PA",10558,9658,0,0,900,3
"Harrisonburg","VA",7736,5556,0,0,2180,3
"Hartford-West Hartford-East Hartford","CT",7644,7579,0,0,65,3
"Hattiesburg","MS",2194,801,188,0,1205,3
"Hickory-Lenoir-Morganton","NC",8257,8257,0,0,0,3
"Hinesville-Fort Stewart","GA",1293,1293,0,0,0,3
"Holland-Grand Haven","MI",2181,2181,0,0,0,3
"Honolulu","HI",14888,14888,0,0,0,3
"Hot Springs","AR",328,328,0,0,0,3
"Houma-Bayou Cane-Thibodaux","LA",9669,9669,0,0,0,3
"Houston-Sugar Land-Baytown","TX",328630,300422,401,0,27807,3
"Huntington-Ashland","WV-KY-OH",220,220,0,0,0,3
"Huntsville","AL",24670,17366,0,0,7304,3
"Idaho Falls","ID",2742,2742,0,0,0,3
"Indianapolis-Carmel","IN",71424,55355,908,0,15161,3
"Iowa City","IA",12355,11265,0,0,1090,3
"Ithaca","NY",535,535,0,0,0,3
"Jackson","MI",290,290,0,0,0,3
"Jackson","MS",15995,15995,0,0,0,3
"Jackson","TN",845,845,0,0,0,3
"Jacksonville","FL",39474,35956,95,0,3423,3
"Jacksonville","NC",12196,12196,0,0,0,3
"Janesville","WI",1927,1402,525,0,0,3
"Jefferson City","MO",2399,2399,0,0,0,3
"Johnson City","TN",4580,4420,160,0,0,3
"Johnstown","PA",107,107,0,0,0,3
"Jonesboro","AR",2981,2981,0,0,0,3
"Joplin","MO",1123,933,190,0,0,3
"Kalamazoo-Portage","MI",5926,5926,0,0,0,3
"Kankakee-Bradley","IL",111,111,0,0,0,3
"Kansas City","MO-KS",23791,23008,230,553,0,3
"Kennewick-Pasco-Richland","WA",8662,7965,0,0,697,3
"Killeen-Temple-Fort Hood","TX",22457,21862,595,0,0,3
"Kingsport-Bristol-Bristol","TN-VA",3432,3432,0,0,0,3
"Kingston","NY",1370,1155,215,0,0,3
"Knoxville","TN",15118,13914,0,0,1204,3
"Kokomo","IN",3702,202,0,0,3500,3
"La Crosse","WI-MN",1058,1058,0,0,0,3
"Lafayette","IN",6062,6062,0,0,0,3
"Lafayette","LA",8992,8699,0,0,293,3
"Lake Charles","LA",5849,4822,125,0,902,3
"Lake Havasu City-Kingman","AZ",4515,4515,0,0,0,3
"Lakeland-Winter Haven","FL",20220,20220,0,0,0,3
"Lancaster","PA",6481,5536,380,565,0,3
"Lansing-East Lansing","MI",2205,2003,0,0,202,3
"Laredo","TX",6197,5782,0,0,415,3
"Las Cruces","NM",9070,8901,169,0,0,3
"Las Vegas-Paradise","NV",62150,32796,1290,0,28064,3
"Lawrence","KS",11462,1107,0,0,10355,3
"Lawton","OK",389,389,0,0,0,3
"Lebanon","PA",4219,4219,0,0,0,3
"Lewiston","ID-WA",216,216,0,0,0,3
"Lewiston-Auburn","ME",1020,1020,0,0,0,3
"Lexington-Fayette","KY",16155,15005,850,300,0,3
"Lima","OH",0,0,0,0,0,3
"Lincoln","NE",7127,6947,180,0,0,3
"Little Rock-North Little Rock","AR",24065,19706,140,0,4219,3
"Logan","UT-ID",2837,2837,0,0,0,3
"Longview","TX",1858,1628,0,0,230,3
"Longview","WA",2250,2250,0,0,0,3
"Los Angeles-Long Beach-Santa Ana","CA",125577,67706,5504,4339,48028,3
"Louisville-Jefferson County","KY-IN",27841,25819,0,370,1652,3
"Lubbock","TX",14636,14636,0,0,0,3
"Lynchburg","VA",6238,6238,0,0,0,3
"Macon","GA",1480,1480,0,0,0,3
"Madera-Chowchilla","CA",4818,1080,204,3534,0,3
"Madison","WI",12660,11900,189,248,323,3
"Manchester-Nashua","NH",5150,4669,0,0,481,3
"Manhattan","KS",6719,5664,0,0,1055,3
"Mankato-North Mankato","MN",1837,1837,0,0,0,3
"Mansfield","OH",584,584,0,0,0,3
"McAllen-Edinburg-Mission","TX",23147,22522,240,385,0,3
"Medford","OR",5445,4994,0,451,0,3
"Memphis","TN-MS-AR",16959,16959,0,0,0,3
"Merced","CA",1073,1073,0,0,0,3
"Miami-Fort Lauderdale-Pompano Beach","FL",57198,43526,201,0,13471,3
"Michigan City-La Porte","IN",1347,1347,0,0,0,3
"Midland","TX",4005,4005,0,0,0,3
"Milwaukee-Waukesha-West Allis","WI",23687,19949,480,275,2983,3
"Minneapolis-St. Paul-Bloomington","MN-WI",55131,49890,767,320,4154,3
"Missoula","MT",2276,2276,0,0,0,3
"Mobile","AL",11137,10942,195,0,0,3
"Modesto","CA",4099,3423,0,0,676,3
"Monroe","LA",1856,1353,0,120,383,3
"Monroe","MI",181,181,0,0,0,3
"Montgomery","AL",4199,4199,0,0,0,3
"Morgantown","WV",60,60,0,0,0,3
"Morristown","TN",2017,2017,0,0,0,3
"Mount Vernon-Anacortes","WA",2645,2645,0,0,0,3
"Muncie","IN",551,551,0,0,0,3
"Muskegon-Norton Shores","MI",571,383,188,0,0,3
"Myrtle Beach-North Myrtle Beach-Conway","SC",17358,14461,0,0,2897,3
"Napa","CA",0,0,0,0,0,3
"Naples-Marco Island","FL",12032,10724,0,0,1308,3
"Nashville-Davidson--Murfreesboro","TN",69879,61899,0,0,7980,3
"New Haven-Milford","CT",2668,1797,158,0,713,3
"New Orleans-Metairie-Kenner","LA",33372,31005,1367,0,1000,3
"New York-Northern New Jersey-Long Island","NY-NJ-PA",181960,118240,14302,4404,45014,3
"Niles-Benton Harbor","MI",110,110,0,0,0,3
"Norwich-New London","CT",6405,3945,0,0,2460,3
"Ocala","FL",4127,4127,0,0,0,3
"Ocean City","NJ",4272,2956,1316,0,0,3
"Odessa","TX",2166,2166,0,0,0,3
"Ogden-Clearfield","UT",16896,15703,200,0,993,3
"Oklahoma City","OK",38278,36798,476,442,562,3
"Olympia","WA",20860,19486,280,1094,0,3
"Omaha-Council Bluffs","NE-IA",24239,24081,158,0,0,3
"Orlando-Kissimmee","FL",108938,58552,854,0,49532,3
"Oshkosh-Neenah","WI",3496,3496,0,0,0,3
"Owensboro","KY",2055,2055,0,0,0,3
"Oxnard-Thousand Oaks-Ventura","CA",6346,5553,324,0,469,3
"Palm Bay-Melbourne-Titusville","FL",13326,13326,0,0,0,3
"Palm Coast","FL",2824,2824,0,0,0,3
"Panama City-Lynn Haven-Panama City Beach","FL",2611,2611,0,0,0,3
"Parkersburg-Marietta-Vienna","WV-OH",2397,2397,0,0,0,3
"Pascagoula","MS",9478,8436,0,0,1042,3
"Pensacola-Ferry Pass-Brent","FL",16277,16277,0,0,0,3
"Peoria","IL",5787,5787,0,0,0,3
"Philadelphia-Camden-Wilmington","PA-NJ-DE-MD",66334,57643,850,609,7232,3
"Phoenix-Mesa-Scottsdale","AZ",100513,91339,0,414,8760,3
"Pine Bluff","AR",263,150,113,0,0,3
"Pittsburgh","PA",38357,33852,123,551,3831,3
"Pittsfield","MA",103,103,0,0,0,3
"Pocatello","ID",1049,1049,0,0,0,3
"Port St. Lucie","FL",6004,5226,0,344,434,3
"Portland-South Portland-Biddeford","ME",9949,9363,586,0,0,3
"Portland-Vancouver-Beaverton","OR-WA",49398,45001,595,392,3410,3
"Poughkeepsie-Newburgh-Middletown","NY",5762,5192,0,0,570,3
"Prescott","AZ",5169,5169,0,0,0,3
"Providence-New Bedford-Fall River","RI-MA",19754,13819,0,1135,4800,3
"Provo-Orem","UT",16583,15963,183,437,0,3
"Pueblo","CO",2331,1976,0,355,0,3
"Punta Gorda","FL",7577,6826,0,751,0,3
"Racine","WI",1861,1861,0,0,0,3
"Raleigh-Cary","NC",52776,52090,686,0,0,3
"Rapid City","SD",3448,3448,0,0,0,3
"Reading","PA",2198,2198,0,0,0,3
"Redding","CA",3108,2929,179,0,0,3
"Reno-Sparks","NV",10349,10349,0,0,0,3
"Richmond","VA",30613,30013,0,600,0,3
"Riverside-San Bernardino-Ontario","CA",96367,84786,177,577,10827,3
"Roanoke","VA",4757,4757,0,0,0,3
"Rochester","MN",3834,3834,0,0,0,3
"Rochester","NY",12245,11923,145,0,177,3
"Rockford","IL",1648,1443,205,0,0,3
"Rocky Mount","NC",3410,3410,0,0,0,3
"Rome","GA",1313,1313,0,0,0,3
"Sacramento--Arden-Arcade--Roseville","CA",46897,46897,0,0,0,3
"Saginaw-Saginaw Township North","MI",733,733,0,0,0,3
"Salem","OR",7503,7385,118,0,0,3
"Salinas","CA",2602,642,0,0,1960,3
"Salisbury","MD",1582,627,0,0,955,3
"Salt Lake City","UT",23964,19298,271,348,4047,3
"San Angelo","TX",2303,2303,0,0,0,3
"San Antonio","TX",83634,83257,377,0,0,3
"San Diego-Carlsbad-San Marcos","CA",75180,38823,379,439,35539,3
"San Francisco-Oakland-Fremont","CA",85712,48891,1347,2101,33373,3
"San Jose-Sunnyvale-Santa Clara","CA",20592,14664,810,244,4874,3
"San Luis Obispo-Paso Robles","CA",3045,3045,0,0,0,3
"Sandusky","OH",0,0,0,0,0,3
"Santa Barbara-Santa Maria","CA",4489,4489,0,0,0,3
"Santa Cruz-Watsonville","CA",681,681,0,0,0,3
"Santa Fe","NM",933,933,0,0,0,3
"Santa Rosa-Petaluma","CA",9805,9805,0,0,0,3
"Savannah","GA",13745,13745,0,0,0,3
"Scranton--Wilkes-Barre","PA",1592,1592,0,0,0,3
"Seattle-Tacoma-Bellevue","WA",103800,74709,3746,1723,23622,3
"Sebastian-Vero Beach","FL",11271,11271,0,0,0,3
"Sheboygan","WI",443,212,0,0,231,3
"Sherman-Denison","TX",163,163,0,0,0,3
"Shreveport-Bossier City","LA",16771,16771,0,0,0,3
"Sioux City","IA-NE-SD",1145,800,345,0,0,3
"Sioux Falls","SD",9873,7583,0,0,2290,3
"South Bend-Mishawaka","IN-MI",6131,3834,0,497,1800,3
"Spartanburg","SC",4792,4792,0,0,0,3
"Spokane","WA",5260,5260,0,0,0,3
"Springfield","IL",2090,1694,396,0,0,3
"Springfield","MA",2959,2500,100,0,359,3
"Springfield","MO",7453,5409,0,0,2044,3
"Springfield","OH",0,0,0,0,0,3
"St. Cloud","MN",1628,1313,0,0,315,3
"St. George","UT",4226,4226,0,0,0,3
"St. Joseph","MO-KS",524,524,0,0,0,3
"St. Louis","MO-IL",57652,53766,424,1158,2304,3
"State College","PA",4093,4093,0,0,0,3
"Stockton","CA",7962,7962,0,0,0,3
"Sumter","SC",4048,4048,0,0,0,3
"Syracuse","NY",7046,5646,0,0,1400,3
"Tallahassee","FL",10940,10092,0,0,848,3
"Tampa-St. Petersburg-Clearwater","FL",112129,65959,779,166,45225,3
"Terre Haute","IN",2548,2205,0,0,343,3
"Texarkana","TX-Texarkana",12103,12103,0,0,0,3
"Toledo","OH",6597,6201,0,0,396,3
"Topeka","KS",4812,4809,3,0,0,3
"Trenton-Ewing","NJ",3246,2488,0,0,758,3
"Tucson","AZ",29197,27878,398,236,685,3
"Tulsa","OK",34275,32275,0,0,2000,3
"Tuscaloosa","AL",5050,4717,333,0,0,3
"Tyler","TX",2146,1765,0,150,231,3
"Utica-Rome","NY",0,0,0,0,0,3
"Valdosta","GA",3813,3693,120,0,0,3
"Vallejo-Fairfield","CA",3471,3471,0,0,0,3
"Victoria","TX",453,453,0,0,0,3
"Vineland-Millville-Bridgeton","NJ",2715,2372,0,343,0,3
"Virginia Beach-Norfolk-Newport News","VA-NC",45809,39714,1405,0,4690,3
"Visalia-Porterville","CA",16314,16178,136,0,0,3
"Waco","TX",4026,3946,80,0,0,3
"Warner Robins","GA",5290,5290,0,0,0,3
"Washington-Arlington-Alexandria","DC-VA-MD-WV",181856,160218,0,381,21257,3
"Waterloo-Cedar Falls","IA",2297,2297,0,0,0,3
"Wausau","WI",2386,640,135,0,1611,3
"Weirton-Steubenville","WV-OH",100,100,0,0,0,3
"Wenatchee-East Wenatchee","WA",2897,2897,0,0,0,3
"Wheeling","WV-OH",0,0,0,0,0,3
"Wichita Falls","TX",1977,1977,0,0,0,3
"Wichita","KS",19517,12696,326,0,6495,3
"Williamsport","PA",150,150,0,0,0,3
"Wilmington","NC",20436,20291,0,145,0,3
"Winchester","VA-WV",3261,3261,0,0,0,3
"Winston-Salem","NC",8315,8315,0,0,0,3
"Worcester","MA",6038,5928,110,0,0,3
"Yakima","WA",3835,3835,0,0,0,3
"York-Hanover","PA",8587,8013,0,0,574,3
"Youngstown-Warren-Boardman","OH-PA",2868,2768,100,0,0,3
"Yuba City","CA",2377,2377,0,0,0,3
"Yuma","AZ",5614,5614,0,0,0,3
"Abilene","TX",3213,3213,0,0,0,4
"Akron","OH",10935,10689,0,69,177,4
"Albany","GA",2037,2037,0,0,0,4
"Albany-Schenectady-Troy","NY",16213,15813,400,0,0,4
"Albuquerque","NM",28462,27599,0,0,863,4
"Alexandria","LA",2787,2787,0,0,0,4
"Allentown-Bethlehem-Easton","PA-NJ",17785,15975,0,0,1810,4
"Altoona","PA",346,346,0,0,0,4
"Amarillo","TX",11383,11383,0,0,0,4
"Ames","IA",3075,3075,0,0,0,4
"Anchorage","AK",12646,8557,344,0,3745,4
"Anderson","IN",1100,1100,0,0,0,4
"Anderson","SC",4375,4375,0,0,0,4
"Ann Arbor","MI",1588,1588,0,0,0,4
"Anniston-Oxford","AL",578,578,0,0,0,4
"Appleton","WI",4217,4217,0,0,0,4
"Asheville","NC",20452,19646,0,0,806,4
"Athens-Clarke County","GA",3550,3550,0,0,0,4
"Atlanta-Sandy Springs-Marietta","GA",79948,79459,0,0,489,4
"Atlantic City-Hammonton","NJ",3569,3174,0,0,395,4
"Auburn-Opelika","AL",10238,8749,0,0,1489,4
"Augusta-Richmond County","GA-SC",25723,25723,0,0,0,4
"Austin-Round Rock","TX",128889,114662,430,0,13797,4
"Bakersfield","CA",19564,17614,1010,596,344,4
"Baltimore-Towson","MD",46247,43763,0,0,2484,4
"Bangor","ME",1102,1102,0,0,0,4
"Barnstable Town","MA",5569,5569,0,0,0,4
"Baton Rouge","LA",20802,20802,0,0,0,4
"Battle Creek","MI",200,200,0,0,0,4
"Bay City","MI",140,140,0,0,0,4
"Beaumont-Port Arthur","TX",42104,24107,0,0,17997,4
"Bellingham","WA",3857,3410,0,0,447,4
"Bend","OR",12395,9628,0,0,2767,4
"Billings","MT",3452,3452,0,0,0,4
"Binghamton","NY",188,188,0,0,0,4
"Birmingham-Hoover","AL",31736,30992,0,0,744,4
"Bismarck","ND",9886,9516,0,370,0,4
"Bloomington","IN",2858,2858,0,0,0,4
"Bloomington-Normal","IL",2512,2343,0,0,169,4
"Boise City-Nampa","ID",28794,28619,0,175,0,4
"Boston-Cambridge-Quincy","MA-NH",68156,54913,2239,2088,8916,4
"Boulder","CO",7849,4793,0,180,2876,4
"Bowling Green","KY",4654,4654,0,0,0,4
"Bradenton-Sarasota-Venice","FL",19588,16174,0,680,2734,4
"Bremerton-Silverdale","WA",8558,8558,0,0,0,4
"Bridgeport-Stamford-Norwalk","CT",31491,17863,249,0,13379,4
"Brownsville-Harlingen","TX",7061,7061,0,0,0,4
"Brunswick","GA",6647,6647,0,0,0,4
"Buffalo-Niagara Falls","NY",12619,12619,0,0,0,4
"Burlington","NC",4345,4345,0,0,0,4
"Burlington-South Burlington","VT",3893,3254,360,279,0,4
"Canton-Massillon","OH",5350,5350,0,0,0,4
"Cape Coral-Fort Myers","FL",17672,17672,0,0,0,4
"Cape Girardeau-Jackson","MO-IL",1285,1285,0,0,0,4
"Carson City","NV",0,0,0,0,0,4
"Casper","WY",1226,1226,0,0,0,4
"Cedar Rapids","IA",12271,10596,963,712,0,4
"Champaign-Urbana","IL",3666,1890,676,0,1100,4
"Charleston","WV",1417,960,0,0,457,4
"Charleston-North Charleston-Summerville","SC",54684,51839,0,0,2845,4
"Charlotte-Gastonia-Concord","NC-SC",89030,74302,0,0,14728,4
"Charlottesville","VA",12327,11919,0,0,408,4
"Chattanooga","TN-GA",10475,9915,92,0,468,4
"Cheyenne","WY",1015,1015,0,0,0,4
"Chicago-Naperville-Joliet","IL-IN-WI",96192,92167,1107,1765,1153,4
"Chico","CA",5525,5525,0,0,0,4
"Cincinnati-Middletown","OH-KY-IN",53649,52102,0,0,1547,4
"Clarksville","TN-KY",10561,10291,0,270,0,4
"Cleveland","TN",3211,2661,100,450,0,4
"Cleveland-Elyria-Mentor","OH",27698,27225,0,473,0,4
"Coeur dAlene","ID",18376,15627,249,0,2500,4
"College Station-Bryan","TX",8793,8793,0,0,0,4
"Colorado Springs","CO",29021,29021,0,0,0,4
"Columbia","MO",8842,7082,1760,0,0,4
"Columbia","SC",33032,32242,0,0,790,4
"Columbus","GA-AL",6265,5415,166,0,684,4
"Columbus","IN",3324,3324,0,0,0,4
"Columbus","OH",59670,54549,0,3225,1896,4
"Corpus Christi","TX",8573,8114,0,0,459,4
"Corvallis","OR",284,284,0,0,0,4
"Cumberland","MD-WV",1276,1276,0,0,0,4
"Dallas-Fort Worth-Arlington","TX",268446,225251,260,0,42935,4
"Dalton","GA",1759,1759,0,0,0,4
"Danville","IL",0,0,0,0,0,4
"Danville","VA",745,745,0,0,0,4
"Davenport-Moline-Rock Island","IA-IL",3923,3923,0,0,0,4
"Dayton","OH",14428,14428,0,0,0,4
"Decatur","AL",723,723,0,0,0,4
"Decatur","IL",405,405,0,0,0,4
"Deltona-Daytona Beach-Ormond Beach","FL",15892,15108,0,0,784,4
"Denver-Aurora-Broomfield","CO",105538,63784,834,0,40920,4
"Des Moines-West Des Moines","IA",27186,27186,0,0,0,4
"Detroit-Warren-Livonia","MI",23036,23036,0,0,0,4
"Dothan","AL",5035,5035,0,0,0,4
"Dover","DE",8817,8817,0,0,0,4
"Dubuque","IA",4425,4425,0,0,0,4
"Duluth","MN-WI",2906,2687,219,0,0,4
"Durham-Chapel Hill","NC",39512,19067,0,869,19576,4
"Eau Claire","WI",3986,2281,505,1200,0,4
"El Centro","CA",3442,3442,0,0,0,4
"El Paso","TX",42152,42152,0,0,0,4
"Elizabethtown","KY",3038,3038,0,0,0,4
"Elkhart-Goshen","IN",1787,1787,0,0,0,4
"Elmira","NY",238,238,0,0,0,4
"Erie","PA",4202,4202,0,0,0,4
"Eugene-Springfield","OR",7377,5982,840,0,555,4
"Evansville","IN-KY",5062,3534,0,0,1528,4
"Fairbanks","AK",557,557,0,0,0,4
"Fargo","ND-MN",5222,5222,0,0,0,4
"Farmington","NM",4023,3800,0,223,0,4
"Fayetteville","NC",37543,21286,0,0,16257,4
"Fayetteville-Springdale-Rogers","AR-MO",12203,12203,0,0,0,4
"Flagstaff","AZ",3692,3692,0,0,0,4
"Flint","MI",945,817,0,128,0,4
"Florence","SC",3953,3653,0,0,300,4
"Florence-Muscle Shoals","AL",1372,1372,0,0,0,4
"Fond du Lac","WI",487,487,0,0,0,4
"Fort Collins-Loveland","CO",9744,9077,0,667,0,4
"Fort Smith","AR-OK",7271,6761,510,0,0,4
"Fort Walton Beach-Crestview-Destin","FL",5543,4752,0,0,791,4
"Fort Wayne","IN",13638,12138,0,0,1500,4
"Fresno","CA",22636,22360,0,276,0,4
"Gadsden","AL",1012,1012,0,0,0,4
"Gainesville","FL",3493,2818,0,0,675,4
"Gainesville","GA",3013,3013,0,0,0,4
"Glens Falls","NY",2186,2186,0,0,0,4
"Goldsboro","NC",2931,2931,0,0,0,4
"Grand Forks","ND-MN",2182,2182,0,0,0,4
"Grand Junction","CO",7663,7663,0,0,0,4
"Grand Rapids-Wyoming","MI",8835,8835,0,0,0,4
"Great Falls","MT",1407,1407,0,0,0,4
"Greeley","CO",14058,13913,0,0,145,4
"Green Bay","WI",6972,6769,0,0,203,4
"Greensboro-High Point","NC",25691,23591,0,0,2100,4
"Greenville","NC",3915,3281,634,0,0,4
"Greenville","SC",26028,25007,0,1021,0,4
"Gulfport-Biloxi","MS",18880,16790,650,1440,0,4
"Hagerstown-Martinsburg","MD-WV",6014,5915,99,0,0,4
"Hanford-Corcoran","CA",1286,1286,0,0,0,4
"Harrisburg-Carlisle","PA",7750,6050,0,0,1700,4
"Harrisonburg","VA",10670,6020,0,0,4650,4
"Hartford-West Hartford-East Hartford","CT",11719,11062,0,0,657,4
"Hattiesburg","MS",2157,1354,0,0,803,4
"Hickory-Lenoir-Morganton","NC",10709,10709,0,0,0,4
"Hinesville-Fort Stewart","GA",1462,1462,0,0,0,4
"Holland-Grand Haven","MI",4010,4010,0,0,0,4
"Honolulu","HI",20043,18175,0,0,1868,4
"Hot Springs","AR",330,330,0,0,0,4
"Houma-Bayou Cane-Thibodaux","LA",8890,8754,136,0,0,4
"Houston-Sugar Land-Baytown","TX",206492,189210,1107,0,16175,4
"Huntington-Ashland","WV-KY-OH",259,259,0,0,0,4
"Huntsville","AL",26947,20567,0,0,6380,4
"Idaho Falls","ID",4197,4061,136,0,0,4
"Indianapolis-Carmel","IN",58306,53740,2971,360,1235,4
"Iowa City","IA",12279,11707,572,0,0,4
"Ithaca","NY",704,704,0,0,0,4
"Jackson","MI",2219,219,0,0,2000,4
"Jackson","MS",21860,21860,0,0,0,4
"Jackson","TN",2709,2709,0,0,0,4
"Jacksonville","FL",50799,50799,0,0,0,4
"Jacksonville","NC",18748,18273,475,0,0,4
"Janesville","WI",1101,1098,3,0,0,4
"Jefferson City","MO",1311,1047,0,264,0,4
"Johnson City","TN",5640,5640,0,0,0,4
"Johnstown","PA",107,107,0,0,0,4
"Jonesboro","AR",6133,6133,0,0,0,4
"Joplin","MO",839,839,0,0,0,4
"Kalamazoo-Portage","MI",3623,3623,0,0,0,4
"Kankakee-Bradley","IL",1773,1773,0,0,0,4
"Kansas City","MO-KS",35942,32477,1595,0,1870,4
"Kennewick-Pasco-Richland","WA",12942,12942,0,0,0,4
"Killeen-Temple-Fort Hood","TX",22722,22469,253,0,0,4
"Kingsport-Bristol-Bristol","TN-VA",4736,4736,0,0,0,4
"Kingston","NY",1035,1035,0,0,0,4
"Knoxville","TN",19766,18866,0,0,900,4
"Kokomo","IN",100,100,0,0,0,4
"La Crosse","WI-MN",2852,2852,0,0,0,4
"Lafayette","IN",6009,5579,0,0,430,4
"Lafayette","LA",8524,8353,171,0,0,4
"Lake Charles","LA",11185,11185,0,0,0,4
"Lake Havasu City-Kingman","AZ",3359,3359,0,0,0,4
"Lakeland-Winter Haven","FL",13560,13560,0,0,0,4
"Lancaster","PA",5362,4812,550,0,0,4
"Lansing-East Lansing","MI",2379,1947,0,0,432,4
"Laredo","TX",6881,6163,0,199,519,4
"Las Cruces","NM",13072,13072,0,0,0,4
"Las Vegas-Paradise","NV",49048,42478,0,2595,3975,4
"Lawrence","KS",3524,3524,0,0,0,4
"Lawton","OK",2987,2987,0,0,0,4
"Lebanon","PA",5000,5000,0,0,0,4
"Lewiston","ID-WA",404,404,0,0,0,4
"Lewiston-Auburn","ME",1822,1637,185,0,0,4
"Lexington-Fayette","KY",18095,17795,300,0,0,4
"Lima","OH",0,0,0,0,0,4
"Lincoln","NE",7870,7260,0,0,610,4
"Little Rock-North Little Rock","AR",20483,20213,0,0,270,4
"Logan","UT-ID",3105,2855,0,250,0,4
"Longview","TX",1702,1472,0,0,230,4
"Longview","WA",2934,2934,0,0,0,4
"Los Angeles-Long Beach-Santa Ana","CA",88912,72202,3979,3855,8876,4
"Louisville-Jefferson County","KY-IN",31551,29443,635,1273,200,4
"Lubbock","TX",11394,11394,0,0,0,4
"Lynchburg","VA",7983,7733,0,250,0,4
"Macon","GA",1478,1418,60,0,0,4
"Madera-Chowchilla","CA",1116,1116,0,0,0,4
"Madison","WI",12703,12514,189,0,0,4
"Manchester-Nashua","NH",6341,4955,0,0,1386,4
"Manhattan","KS",6303,4025,0,0,2278,4
"Mankato-North Mankato","MN",4139,2756,548,0,835,4
"Mansfield","OH",1302,1149,153,0,0,4
"McAllen-Edinburg-Mission","TX",23912,22273,367,732,540,4
"Medford","OR",4245,4016,229,0,0,4
"Memphis","TN-MS-AR",19156,19156,0,0,0,4
"Merced","CA",3960,3960,0,0,0,4
"Miami-Fort Lauderdale-Pompano Beach","FL",47535,39867,2433,0,5235,4
"Michigan City-La Porte","IN",1776,1776,0,0,0,4
"Midland","TX",2844,2844,0,0,0,4
"Milwaukee-Waukesha-West Allis","WI",22434,21989,107,338,0,4
"Minneapolis-St. Paul-Bloomington","MN-WI",64186,62614,381,0,1191,4
"Missoula","MT",2100,2004,96,0,0,4
"Mobile","AL",43700,25084,0,0,18616,4
"Modesto","CA",5277,5277,0,0,0,4
"Monroe","LA",2992,2992,0,0,0,4
"Monroe","MI",690,690,0,0,0,4
"Montgomery","AL",4135,4135,0,0,0,4
"Morgantown","WV",1042,1042,0,0,0,4
"Morristown","TN",4115,4115,0,0,0,4
"Mount Vernon-Anacortes","WA",3198,3198,0,0,0,4
"Muncie","IN",464,464,0,0,0,4
"Muskegon-Norton Shores","MI",996,826,170,0,0,4
"Myrtle Beach-North Myrtle Beach-Conway","SC",23286,20389,0,0,2897,4
"Napa","CA",6471,6471,0,0,0,4
"Naples-Marco Island","FL",13361,10891,0,819,1651,4
"Nashville-Davidson--Murfreesboro","TN",69018,68151,0,0,867,4
"New Haven-Milford","CT",5051,4743,0,0,308,4
"New Orleans-Metairie-Kenner","LA",28388,27155,1233,0,0,4
"New York-Northern New Jersey-Long Island","NY-NJ-PA",217903,129291,11641,5625,71346,4
"Niles-Benton Harbor","MI",313,313,0,0,0,4
"Norwich-New London","CT",3574,3574,0,0,0,4
"Ocala","FL",5960,5960,0,0,0,4
"Ocean City","NJ",5921,4979,942,0,0,4
"Odessa","TX",2333,2333,0,0,0,4
"Ogden-Clearfield","UT",22090,20090,0,1473,527,4
"Oklahoma City","OK",44529,44141,158,0,230,4
"Olympia","WA",16999,16999,0,0,0,4
"Omaha-Council Bluffs","NE-IA",47309,41929,0,0,5380,4
"Orlando-Kissimmee","FL",48098,47169,463,0,466,4
"Oshkosh-Neenah","WI",3311,3311,0,0,0,4
"Owensboro","KY",1420,1420,0,0,0,4
"Oxnard-Thousand Oaks-Ventura","CA",16637,12197,274,3377,789,4
"Palm Bay-Melbourne-Titusville","FL",11931,10072,0,0,1859,4
"Palm Coast","FL",2797,2797,0,0,0,4
"Panama City-Lynn Haven-Panama City Beach","FL",4542,4130,412,0,0,4
"Parkersburg-Marietta-Vienna","WV-OH",1371,1371,0,0,0,4
"Pascagoula","MS",18012,18012,0,0,0,4
"Pensacola-Ferry Pass-Brent","FL",10051,9684,367,0,0,4
"Peoria","IL",7391,7391,0,0,0,4
"Philadelphia-Camden-Wilmington","PA-NJ-DE-MD",85256,62736,1945,1600,18975,4
"Phoenix-Mesa-Scottsdale","AZ",142737,142723,0,14,0,4
"Pine Bluff","AR",297,297,0,0,0,4
"Pittsburgh","PA",49543,47238,280,1401,624,4
"Pittsfield","MA",165,165,0,0,0,4
"Pocatello","ID",898,898,0,0,0,4
"Port St. Lucie","FL",11003,10115,0,344,544,4
"Portland-South Portland-Biddeford","ME",11546,11138,0,408,0,4
"Portland-Vancouver-Beaverton","OR-WA",72949,67630,0,0,5319,4
"Poughkeepsie-Newburgh-Middletown","NY",6363,5407,0,0,956,4
"Prescott","AZ",5813,5813,0,0,0,4
"Providence-New Bedford-Fall River","RI-MA",11581,9851,655,0,1075,4
"Provo-Orem","UT",19017,17085,0,437,1495,4
"Pueblo","CO",2172,2172,0,0,0,4
"Punta Gorda","FL",7846,7846,0,0,0,4
"Racine","WI",2075,2075,0,0,0,4
"Raleigh-Cary","NC",54164,54164,0,0,0,4
"Rapid City","SD",5527,5128,399,0,0,4
"Reading","PA",2964,2379,0,0,585,4
"Redding","CA",2795,2795,0,0,0,4
"Reno-Sparks","NV",10125,9496,0,0,629,4
"Richmond","VA",37789,37789,0,0,0,4
"Riverside-San Bernardino-Ontario","CA",116086,107533,0,827,7726,4
"Roanoke","VA",8412,8412,0,0,0,4
"Rochester","MN",7917,7917,0,0,0,4
"Rochester","NY",13893,13543,350,0,0,4
"Rockford","IL",1793,1793,0,0,0,4
"Rocky Mount","NC",3193,3193,0,0,0,4
"Rome","GA",1196,796,0,0,400,4
"Sacramento--Arden-Arcade--Roseville","CA",60416,49090,0,1257,10069,4
"Saginaw-Saginaw Township North","MI",341,341,0,0,0,4
"Salem","OR",8078,2825,290,1063,3900,4
"Salinas","CA",4968,246,975,3178,569,4
"Salisbury","MD",2122,1439,0,0,683,4
"Salt Lake City","UT",63663,26750,0,0,36913,4
"San Angelo","TX",3004,3004,0,0,0,4
"San Antonio","TX",67531,58886,0,0,8645,4
"San Diego-Carlsbad-San Marcos","CA",96988,64363,709,6562,25354,4
"San Francisco-Oakland-Fremont","CA",69516,54312,3308,1482,10414,4
"San Jose-Sunnyvale-Santa Clara","CA",23529,23529,0,0,0,4
"San Luis Obispo-Paso Robles","CA",6187,6187,0,0,0,4
"Sandusky","OH",0,0,0,0,0,4
"Santa Barbara-Santa Maria","CA",4007,2625,0,0,1382,4
"Santa Cruz-Watsonville","CA",2255,2255,0,0,0,4
"Santa Fe","NM",1200,1200,0,0,0,4
"Santa Rosa-Petaluma","CA",12906,12906,0,0,0,4
"Savannah","GA",13615,13485,130,0,0,4
"Scranton--Wilkes-Barre","PA",3892,3892,0,0,0,4
"Seattle-Tacoma-Bellevue","WA",105956,95176,2388,6987,1405,4
"Sebastian-Vero Beach","FL",5833,5833,0,0,0,4
"Sheboygan","WI",240,240,0,0,0,4
"Sherman-Denison","TX",107,107,0,0,0,4
"Shreveport-Bossier City","LA",15034,14944,90,0,0,4
"Sioux City","IA-NE-SD",1403,1058,345,0,0,4
"Sioux Falls","SD",13913,11333,80,885,1615,4
"South Bend-Mishawaka","IN-MI",5666,5666,0,0,0,4
"Spartanburg","SC",5687,5687,0,0,0,4
"Spokane","WA",12842,12369,189,284,0,4
"Springfield","IL",2472,1612,860,0,0,4
"Springfield","MA",5521,5221,300,0,0,4
"Springfield","MO",8365,7628,115,0,622,4
"Springfield","OH",633,633,0,0,0,4
"St. Cloud","MN",3230,3230,0,0,0,4
"St. George","UT",10115,10115,0,0,0,4
"St. Joseph","MO-KS",778,778,0,0,0,4
"St. Louis","MO-IL",76586,71906,294,1934,2452,4
"State College","PA",2670,2670,0,0,0,4
"Stockton","CA",16820,16820,0,0,0,4
"Sumter","SC",3310,3310,0,0,0,4
"Syracuse","NY",6151,6151,0,0,0,4
"Tallahassee","FL",7734,7072,183,0,479,4
"Tampa-St. Petersburg-Clearwater","FL",70829,67544,1542,334,1409,4
"Terre Haute","IN",1880,1880,0,0,0,4
"Texarkana","TX-Texarkana",1002,1002,0,0,0,4
"Toledo","OH",8092,7855,0,237,0,4
"Topeka","KS",2926,2926,0,0,0,4
"Trenton-Ewing","NJ",2576,2576,0,0,0,4
"Tucson","AZ",33656,33446,210,0,0,4
"Tulsa","OK",37149,37149,0,0,0,4
"Tuscaloosa","AL",9108,7403,309,0,1396,4
"Tyler","TX",2115,2115,0,0,0,4
"Utica-Rome","NY",155,155,0,0,0,4
"Valdosta","GA",4750,4750,0,0,0,4
"Vallejo-Fairfield","CA",4796,4796,0,0,0,4
"Victoria","TX",625,625,0,0,0,4
"Vineland-Millville-Bridgeton","NJ",2355,2355,0,0,0,4
"Virginia Beach-Norfolk-Newport News","VA-NC",80798,75247,2124,0,3427,4
"Visalia-Porterville","CA",11753,11753,0,0,0,4
"Waco","TX",4481,4387,94,0,0,4
"Warner Robins","GA",7651,7651,0,0,0,4
"Washington-Arlington-Alexandria","DC-VA-MD-WV",185529,180991,0,0,4538,4
"Waterloo-Cedar Falls","IA",4947,4947,0,0,0,4
"Wausau","WI",2574,1474,0,0,1100,4
"Weirton-Steubenville","WV-OH",0,0,0,0,0,4
"Wenatchee-East Wenatchee","WA",5965,5069,0,896,0,4
"Wheeling","WV-OH",0,0,0,0,0,4
"Wichita Falls","TX",2600,2600,0,0,0,4
"Wichita","KS",19741,13301,1900,0,4540,4
"Williamsport","PA",652,652,0,0,0,4
"Wilmington","NC",59677,27850,0,0,31827,4
"Winchester","VA-WV",5031,5031,0,0,0,4
"Winston-Salem","NC",10353,9983,0,0,370,4
"Worcester","MA",6529,6529,0,0,0,4
"Yakima","WA",2505,2505,0,0,0,4
"York-Hanover","PA",9057,9057,0,0,0,4
"Youngstown-Warren-Boardman","OH-PA",5122,4882,240,0,0,4
"Yuba City","CA",1145,1145,0,0,0,4
"Yuma","AZ",6372,6372,0,0,0,4
